pipeline,mean_daily_return,std_daily_return,final_wealth,cumulative_return,max_drawdown,sharpe_like_daily_return
only_ddpg,-0.00030283415396643366,0.02469719563408909,0.9539264993573252,-0.06700275346132334,0.2182269224398213,-0.012261884241967828
ddpg_slm,-9.304560797875959e-06,0.01489603999453381,1.002196367040274,-0.013520470187704747,0.1376834943159438,-0.0006246331777633736
difference_ddpg_slm_minus_only_ddpg,0.0002935295931685577,-0.00980115563955528,0.04826986768294883,0.05348228327361859,-0.08054342812387752,0.011637251064204455
